Chapter,Book,started_page,end_page
chapter 1,1st book: 1805,3,7
chapter 2,1st book: 1805,8,10
chapter 3,1st book: 1805,11,14
chapter 4,1st book: 1805,14,18
chapter 5,1st book: 1805,18,23
chapter 6,1st book: 1805,23,26
chapter 7,1st book: 1805,27,29
chapter 8,1st book: 1805,29,32
chapter 9,1st book: 1805,32,38
chapter 10,1st book: 1805,38,42
chapter 11,1st book: 1805,42,44
chapter 12,1st book: 1805,44,47
chapter 13,1st book: 1805,47,49
chapter 14,1st book: 1805,50,53
chapter 15,1st book: 1805,53,57
chapter 16,1st book: 1805,58,62
chapter 17,1st book: 1805,62,64
chapter 18,1st book: 1805,64,70
chapter 19,1st book: 1805,70,73
chapter 20,1st book: 1805,73,78
chapter 21,1st book: 1805,78,85
chapter 22,1st book: 1805,85,89
chapter 23,1st book: 1805,89,93
chapter 24,1st book: 1805,93,97
chapter 25,1st book: 1805,97,105
chapter 26,1st book: 1805,105,110
chapter 27,1st book: 1805,110,114
chapter 28,1st book: 1805,114,122
chapter 1,2nd book: 1805,122,127
chapter 2,2nd book: 1805,127,134
chapter 3,2nd book: 1805,134,140
chapter 4,2nd book: 1805,140,149
chapter 5,2nd book: 1805,149,152
chapter 6,2nd book: 1805,152,155
chapter 7,2nd book: 1805,155,159
chapter 8,2nd book: 1805,160,167
chapter 9,2nd book: 1805,167,171
chapter 10,2nd book: 1805,171,177
chapter 11,2nd book: 1805,177,179
chapter 12,2nd book: 1805,179,184
chapter 13,2nd book: 1805,184,190
chapter 14,2nd book: 1805,190,193
chapter 15,2nd book: 1805,193,198
chapter 16,2nd book: 1805,198,200
chapter 17,2nd book: 1805,200,204
chapter 18,2nd book: 1805,204,208
chapter 19,2nd book: 1805,208,212
chapter 20,2nd book: 1805,212,217
chapter 21,2nd book: 1805,217,225
chapter 1,3rd book: 1805,225,232
chapter 2,3rd book: 1805,232,239
chapter 3,3rd book: 1805,239,247
chapter 4,3rd book: 1805,247,254
chapter 5,3rd book: 1805,254,259
chapter 6,3rd book: 1805,259,256
chapter 7,3rd book: 1805,256,273
chapter 8,3rd book: 1805,273,277
chapter 9,3rd book: 1805,277,282
chapter 10,3rd book: 1805,282,287
chapter 11,3rd book: 1805,287,291
chapter 12,3rd book: 1805,291,296
chapter 13,3rd book: 1805,296,301
chapter 14,3rd book: 1805,301,306
chapter 15,3rd book: 1805,306,311
chapter 16,3rd book: 1805,311,315
chapter 17,3rd book: 1805,315,319
chapter 18,3rd book: 1805,319,325
chapter 19,3rd book: 1805,325,330
chapter 1,4th book: 1806,330,338
chapter 2,4th book: 1806,338,343
chapter 3,4th book: 1806,343,347
chapter 4,4th book: 1806,347,351
chapter 5,4th book: 1806,351,354
chapter 6,4th book: 1806,354,358
chapter 7,4th book: 1806,358,361
chapter 8,4th book: 1806,361,365
chapter 9,4th book: 1806,365,367
chapter 10,4th book: 1806,367,370
chapter 11,4th book: 1806,370,373
chapter 12,4th book: 1806,373,376
chapter 13,4th book: 1806,376,379
chapter 14,4th book: 1806,379,381
chapter 15,4th book: 1806,381,385
chapter 16,4th book: 1806,385,388
chapter 1,5th book: 1806 - 07,388,391
chapter 2,5th book: 1806 - 07,391,397
chapter 3,5th book: 1806 - 07,397,403
chapter 4,5th book: 1806 - 07,403,406
chapter 5,5th book: 1806 - 07,406,408
chapter 6,5th book: 1806 - 07,408,412
chapter 7,5th book: 1806 - 07,412,413
chapter 8,5th book: 1806 - 07,413,417
chapter 9,5th book: 1806 - 07,417,422
chapter 10,5th book: 1806 - 07,422,425
chapter 11,5th book: 1806 - 07,425,433
chapter 12,5th book: 1806 - 07,433,436
chapter 13,5th book: 1806 - 07,436,440
chapter 14,5th book: 1806 - 07,440,442
chapter 15,5th book: 1806 - 07,442,446
chapter 16,5th book: 1806 - 07,446,450
chapter 17,5th book: 1806 - 07,450,454
chapter 18,5th book: 1806 - 07,454,456
chapter 19,5th book: 1806 - 07,456,460
chapter 20,5th book: 1806 - 07,460,464
chapter 21,5th book: 1806 - 07,464,468
chapter 22,5th book: 1806 - 07,468,469
chapter 1,6th book: 1808 - 10,469,471
chapter 2,6th book: 1808 - 10,471,473
chapter 3,6th book: 1808 - 10,473,476
chapter 4,6th book: 1808 - 10,476,478
chapter 5,6th book: 1808 - 10,478,483
chapter 6,6th book: 1808 - 10,483,486
chapter 7,6th book: 1808 - 10,486,490
chapter 8,6th book: 1808 - 10,490,492
chapter 9,6th book: 1808 - 10,492,494
chapter 10,6th book: 1808 - 10,494,498
chapter 11,6th book: 1808 - 10,498,501
chapter 12,6th book: 1808 - 10,501,504
chapter 13,6th book: 1808 - 10,504,508
chapter 14,6th book: 1808 - 10,508,511
chapter 15,6th book: 1808 - 10,511,514
chapter 16,6th book: 1808 - 10,514,517
chapter 17,6th book: 1808 - 10,517,519
chapter 18,6th book: 1808 - 10,519,523
chapter 19,6th book: 1808 - 10,523,525
chapter 20,6th book: 1808 - 10,525,527
chapter 21,6th book: 1808 - 10,528,530
chapter 22,6th book: 1808 - 10,530,534
chapter 23,6th book: 1808 - 10,534,539
chapter 24,6th book: 1808 - 10,540,542
chapter 25,6th book: 1808 - 10,542,545
chapter 26,6th book: 1808 - 10,545,548
chapter 1,7th book: 1810 - 11,548,552
chapter 2,7th book: 1810 - 11,552,554
chapter 3,7th book: 1810 - 11,554,556
chapter 4,7th book: 1810 - 11,556,561
chapter 5,7th book: 1810 - 11,561,565
chapter 6,7th book: 1810 - 11,565,571
chapter 7,7th book: 1810 - 11,571,579
chapter 8,7th book: 1810 - 11,579,582
chapter 9,7th book: 1810 - 11,582,586
chapter 10,7th book: 1810 - 11,586,593
chapter 11,7th book: 1810 - 11,594,597
chapter 12,7th book: 1810 - 11,598,601
chapter 13,7th book: 1810 - 11,601,604
chapter 1,8th book: 1811 - 12,604,608
chapter 2,8th book: 1811 - 12,608,611
chapter 3,8th book: 1811 - 12,611,616
chapter 4,8th book: 1811 - 12,616,619
chapter 5,8th book: 1811 - 12,619,623
chapter 6,8th book: 1811 - 12,623,626
chapter 7,8th book: 1811 - 12,626,629
chapter 8,8th book: 1811 - 12,629,633
chapter 9,8th book: 1811 - 12,633,637
chapter 10,8th book: 1811 - 12,637,640
chapter 11,8th book: 1811 - 12,640,642
chapter 12,8th book: 1811 - 12,642,645
chapter 13,8th book: 1811 - 12,645,648
chapter 14,8th book: 1811 - 12,648,651
chapter 15,8th book: 1811 - 12,651,656
chapter 16,8th book: 1811 - 12,656,661
chapter 17,8th book: 1811 - 12,661,664
chapter 18,8th book: 1811 - 12,664,667
chapter 19,8th book: 1811 - 12,667,670
chapter 20,8th book: 1811 - 12,670,674
chapter 21,8th book: 1811 - 12,674,677
chapter 22,8th book: 1811 - 12,678,681
chapter 1,9th book: 1812,682,684
chapter 2,9th book: 1812,685,688
chapter 3,9th book: 1812,688,691
chapter 4,9th book: 1812,691,695
chapter 5,9th book: 1812,695,697
chapter 6,9th book: 1812,697,704
chapter 7,9th book: 1812,704,707
chapter 8,9th book: 1812,707,712
chapter 9,9th book: 1812,712,718
chapter 10,9th book: 1812,718,721
chapter 11,9th book: 1812,721,725
chapter 12,9th book: 1812,725,729
chapter 13,9th book: 1812,729,732
chapter 14,9th book: 1812,732,735
chapter 15,9th book: 1812,735,737
chapter 16,9th book: 1812,737,740
chapter 17,9th book: 1812,740,743
chapter 18,9th book: 1812,743,747
chapter 19,9th book: 1812,747,750
chapter 20,9th book: 1812,750,757
chapter 21,9th book: 1812,757,761
chapter 22,9th book: 1812,761,766
chapter 23,9th book: 1812,766,768
chapter 1,10th book: 1812,768,773
chapter 2,10th book: 1812,773,777
chapter 3,10th book: 1812,777,780
chapter 4,10th book: 1812,780,790
chapter 5,10th book: 1812,790,796
chapter 6,10th book: 1812,796,800
chapter 7,10th book: 1812,800,803
chapter 8,10th book: 1812,803,811
chapter 9,10th book: 1812,811,815
chapter 10,10th book: 1812,815,820
chapter 11,10th book: 1812,820,823
chapter 12,10th book: 1812,823,825
chapter 13,10th book: 1812,825,828
chapter 14,10th book: 1812,828,833
chapter 15,10th book: 1812,833,839
chapter 16,10th book: 1812,839,842
chapter 17,10th book: 1812,842,845
chapter 18,10th book: 1812,846,851
chapter 19,10th book: 1812,851,855
chapter 20,10th book: 1812,855,859
chapter 21,10th book: 1812,859,863
chapter 22,10th book: 1812,863,867
chapter 23,10th book: 1812,867,868
chapter 24,10th book: 1812,869,871
chapter 25,10th book: 1812,871,878
chapter 26,10th book: 1812,878,882
chapter 27,10th book: 1812,882,885
chapter 28,10th book: 1812,885,887
chapter 29,10th book: 1812,887,890
chapter 30,10th book: 1812,890,893
chapter 31,10th book: 1812,893,901
chapter 32,10th book: 1812,901,902
chapter 33,10th book: 1812,902,905
chapter 34,10th book: 1812,905,910
chapter 35,10th book: 1812,910,914
chapter 36,10th book: 1812,914,918
chapter 37,10th book: 1812,918,921
chapter 38,10th book: 1812,921,924
chapter 39,10th book: 1812,924,926
chapter 1,11th book: 1812,926,929
chapter 2,11th book: 1812,929,932
chapter 3,11th book: 1812,932,935
chapter 4,11th book: 1812,935,938
chapter 5,11th book: 1812,938,940
chapter 6,11th book: 1812,940,943
chapter 7,11th book: 1812,943,947
chapter 8,11th book: 1812,947,950
chapter 9,11th book: 1812,950,952
chapter 10,11th book: 1812,952,955
chapter 11,11th book: 1812,955,958
chapter 12,11th book: 1812,958,961
chapter 13,11th book: 1812,961,964
chapter 14,11th book: 1812,964,967
chapter 15,11th book: 1812,967,969
chapter 16,11th book: 1812,970,974
chapter 17,11th book: 1812,975,980
chapter 18,11th book: 1812,980,983
chapter 19,11th book: 1812,983,987
chapter 20,11th book: 1812,987,989
chapter 21,11th book: 1812,989,992
chapter 22,11th book: 1812,992,993
chapter 23,11th book: 1812,994,998
chapter 24,11th book: 1812,999,1002
chapter 25,11th book: 1812,1002,1011
chapter 26,11th book: 1812,1011,1015
chapter 27,11th book: 1812,1015,1019
chapter 28,11th book: 1812,1019,1022
chapter 29,11th book: 1812,1022,1031
chapter 30,11th book: 1812,1031,1033
chapter 31,11th book: 1812,1033,1037
chapter 32,11th book: 1812,1037,1042
chapter 33,11th book: 1812,1042,1048
chapter 34,11th book: 1812,1048,1052
chapter 1,12th book: 1812,1053,1056
chapter 2,12th book: 1812,1056,1058
chapter 3,12th book: 1812,1058,1061
chapter 4,12th book: 1812,1061,1065
chapter 5,12th book: 1812,1065,1069
chapter 6,12th book: 1812,1069,1072
chapter 7,12th book: 1812,1072,1076
chapter 8,12th book: 1812,1076,1080
chapter 9,12th book: 1812,1080,1082
chapter 10,12th book: 1812,1082,1086
chapter 11,12th book: 1812,1086,1089
chapter 12,12th book: 1812,1089,1094
chapter 13,12th book: 1812,1094,1097
chapter 14,12th book: 1812,1097,1102
chapter 15,12th book: 1812,1102,1105
chapter 16,12th book: 1812,1106,1111
chapter 1,13th book: 1812,1111,1112
chapter 2,13th book: 1812,1113,1114
chapter 3,13th book: 1812,1115,1118
chapter 4,13th book: 1812,1118,1120
chapter 5,13th book: 1812,1120,1121
chapter 6,13th book: 1812,1121,1124
chapter 7,13th book: 1812,1124,1127
chapter 8,13th book: 1812,1127,1128
chapter 9,13th book: 1812,1128,1132
chapter 10,13th book: 1812,1132,1134
chapter 11,13th book: 1812,1135,1138
chapter 12,13th book: 1812,1139,1141
chapter 13,13th book: 1812,1141,1144
chapter 14,13th book: 1812,1144,1148
chapter 15,13th book: 1812,1148,1150
chapter 16,13th book: 1812,1150,1153
chapter 17,13th book: 1812,1153,1155
chapter 18,13th book: 1812,1156,1157
chapter 19,13th book: 1812,1157,1159
chapter 1,14th book: 1812,1160,1162
chapter 2,14th book: 1812,1162,1164
chapter 3,14th book: 1812,1164,1167
chapter 4,14th book: 1812,1167,1170
chapter 5,14th book: 1812,1170,1174
chapter 6,14th book: 1812,1174,1176
chapter 7,14th book: 1812,1176,1180
chapter 8,14th book: 1812,1180,1182
chapter 9,14th book: 1812,1182,1186
chapter 10,14th book: 1812,1186,1190
chapter 11,14th book: 1812,1190,1192
chapter 12,14th book: 1812,1192,1195
chapter 13,14th book: 1812,1195,1198
chapter 14,14th book: 1812,1198,1199
chapter 15,14th book: 1812,1199,1202
chapter 16,14th book: 1812,1202,1203
chapter 17,14th book: 1812,1203,1205
chapter 18,14th book: 1812,1205,1206
chapter 19,14th book: 1812,1207,1210
chapter 1,15th book: 1812 - 13,1211,1214
chapter 2,15th book: 1812 - 13,1214,1215
chapter 3,15th book: 1812 - 13,1216,1219
chapter 4,15th book: 1812 - 13,1219,1222
chapter 5,15th book: 1812 - 13,1222,1225
chapter 6,15th book: 1812 - 13,1225,1227
chapter 7,15th book: 1812 - 13,1228,1230
chapter 8,15th book: 1812 - 13,1230,1234
chapter 9,15th book: 1812 - 13,1234,1237
chapter 10,15th book: 1812 - 13,1237,1241
chapter 11,15th book: 1812 - 13,1241,1243
chapter 12,15th book: 1812 - 13,1243,1245
chapter 13,15th book: 1812 - 13,1245,1250
chapter 14,15th book: 1812 - 13,1250,1252
chapter 15,15th book: 1812 - 13,1252,1255
chapter 16,15th book: 1812 - 13,1255,1257
chapter 17,15th book: 1812 - 13,1257,1261
chapter 18,15th book: 1812 - 13,1262,1266
chapter 19,15th book: 1812 - 13,1267,1269
chapter 20,15th book: 1812 - 13,1269,1271
chapter 1,1st epilogue: 1813 - 20,1271,1274
chapter 2,1st epilogue: 1813 - 20,1274,1275
chapter 3,1st epilogue: 1813 - 20,1275,1279
chapter 4,1st epilogue: 1813 - 20,1279,1281
chapter 5,1st epilogue: 1813 - 20,1282,1284
chapter 6,1st epilogue: 1813 - 20,1284,1289
chapter 7,1st epilogue: 1813 - 20,1289,1291
chapter 8,1st epilogue: 1813 - 20,1291,1295
chapter 9,1st epilogue: 1813 - 20,1295,1300
chapter 10,1st epilogue: 1813 - 20,1300,1304
chapter 11,1st epilogue: 1813 - 20,1304,1307
chapter 12,1st epilogue: 1813 - 20,1307,1311
chapter 13,1st epilogue: 1813 - 20,1312,1314
chapter 14,1st epilogue: 1813 - 20,1315,1320
chapter 15,1st epilogue: 1813 - 20,1320,1324
chapter 16,1st epilogue: 1813 - 20,1324,1329
chapter 1,2nd epilogue,1329,1333
chapter 2,2nd epilogue,1333,1337
chapter 3,2nd epilogue,1337,1339
chapter 4,2nd epilogue,1339,1344
chapter 5,2nd epilogue,1344,1347
chapter 6,2nd epilogue,1347,1350
chapter 7,2nd epilogue,1350,1353
chapter 8,2nd epilogue,1353,1357
chapter 9,2nd epilogue,1357,1350
chapter 10,2nd epilogue,1361,1366
chapter 11,2nd epilogue,1366,1367